日期,白天天气,夜晚天气,最高温,最低温,白天风力,夜晚风力
2025骞01鏈01鏃,鏅,鏅,4.0,-3.0,涓滃寳椋 3-4绾,涓滃寳椋 3-4绾
2025骞01鏈02鏃,鏅,鏅,0.0,-3.0,鍖楅 4-5绾,瑗垮寳椋 4-5绾
2025骞01鏈03鏃,鏅,鏅,2.0,-3.0,瑗垮寳椋 3-4绾,瑗垮崡椋 3-4绾
2025骞01鏈04鏃,鏅,澶氫簯,6.0,0.0,瑗垮崡椋 4-5绾,瑗垮崡椋 4-5绾
2025骞01鏈05鏃,澶氫簯,鏅,5.0,-5.0,瑗垮寳椋 4-5绾,鍖楅 4-5绾
2025骞01鏈06鏃,鏅,鏅,-1.0,-5.0,瑗垮寳椋 4-5绾,瑗垮寳椋 4-5绾
2025骞01鏈07鏃,澶氫簯,澶氫簯,0.0,-7.0,瑗垮寳椋 4-5绾,鍖楅 4-5绾
2025骞01鏈08鏃,澶氫簯,澶氫簯,-5.0,-10.0,鍖楅 4-5绾,鍖楅 4-5绾
2025骞01鏈09鏃,澶氫簯,鏅,-5.0,-11.0,鍖楅 4-5绾,鍖楅 4-5绾
2025骞01鏈10鏃,鏅,鏅,-4.0,-7.0,鍖楅 4-5绾,鍖楅 3-4绾
2025骞01鏈11鏃,澶氫簯,澶氫簯,1.0,-6.0,鍖楅 3-4绾,鍖楅 3-4绾
2025骞01鏈12鏃,鏅,澶氫簯,1.0,-5.0,瑗块 3-4绾,瑗块 3-4绾
2025骞01鏈13鏃,鏅,鏅,4.0,-4.0,瑗垮崡椋 3-4绾,鍖楅 3-4绾
2025骞01鏈14鏃,澶氫簯,鏅,0.0,-6.0,鍖楅 4-5绾,鍖楅 4-5绾
2025骞01鏈15鏃,鏅,鏅,2.0,-6.0,鍖楅 4-5绾,瑗块 4-5绾
2025骞01鏈16鏃,鏅,鏅,4.0,-2.0,鍖楅 4-5绾,鍖楅 3-4绾
2025骞01鏈17鏃,鏅,鏅,7.0,1.0,瑗垮崡椋 4-5绾,瑗垮崡椋 3-4绾
2025骞01鏈18鏃,鏅,鏅,7.0,-1.0,瑗垮崡椋 4-5绾,鍖楅 3-4绾
2025骞01鏈19鏃,鏅,鏅,5.0,-1.0,鍖楅 3-4绾,鍖楅 3-4绾
2025骞01鏈20鏃,鏅,鏅,7.0,0.0,瑗垮寳椋 3-4绾,瑗垮崡椋 3-4绾
,,,,,,
2025骞01鏈21鏃,鏅,鏅,5.0,-2.0,鍖楅 3-4绾,鍖楅 3-4绾
2025骞01鏈22鏃,鏅,鏅,4.0,-2.0,鍖楅 1-3绾,涓滃寳椋 3-4绾
2025骞01鏈23鏃,鏅,鏅,5.0,0.0,涓滃崡椋 3-4绾,涓滃崡椋 3-4绾
2025骞01鏈24鏃,鏅,鏅,6.0,-2.0,鍖楅 3-4绾,鍖楅 3-4绾
2025骞01鏈25鏃,鏅,澶氫簯,4.0,-1.0,鍖楅 3-4绾,鍖楅 3-4绾
2025骞01鏈26鏃,灏忛洩,涓鍒板ぇ闆,3.0,-5.0,鍗楅 3-4绾,鍖楅 5-6绾
2025骞01鏈27鏃,灏忛洩,闃,-5.0,-7.0,瑗垮寳椋 5-6绾,瑗垮寳椋 4-5绾
2025骞01鏈28鏃,澶氫簯,鏅,-6.0,-9.0,瑗垮寳椋 4-5绾,瑗垮寳椋 4-5绾
2025骞01鏈29鏃,鏅,鏅,-5.0,-9.0,瑗垮寳椋 3-4绾,涓滃寳椋 3-4绾
2025骞01鏈30鏃,灏忛洩,灏忛洩,-4.0,-8.0,涓滃寳椋 3-4绾,涓滃寳椋 3-4绾
2025骞01鏈31鏃,闃,鏅,-2.0,-9.0,涓滃寳椋 3-4绾,涓滃寳椋 3-4绾
2025骞02鏈01鏃,鏅,澶氫簯,-2.0,-8.0,鍖楅 3-4绾,鍖楅 3-4绾
2025骞02鏈02鏃,闆ㄥす闆,澶氫簯,0.0,-8.0,鍖楅 4-5绾,鍖楅 4-5绾
2025骞02鏈03鏃,澶氫簯,澶氫簯,-6.0,-10.0,鍖楅 4-5绾,鍖楅 3-4绾
2025骞02鏈04鏃,澶氫簯,澶氫簯,-6.0,-11.0,鍖楅 4-5绾,鍖楅 4-5绾
2025骞02鏈05鏃,澶氫簯,澶氫簯,-1.0,-9.0,瑗垮寳椋 4-5绾,瑗块 4-5绾
2025骞02鏈06鏃,灏忛洩,灏忛洩,0.0,-11.0,瑗垮寳椋 4-5绾,瑗垮寳椋 5-6绾
2025骞02鏈07鏃,闃甸洩,澶氫簯,-6.0,-11.0,瑗垮寳椋 5-6绾,瑗垮寳椋 4-5绾
2025骞02鏈08鏃,鏅,鏅,-5.0,-8.0,瑗垮寳椋 4-5绾,瑗垮寳椋 3-4绾
2025骞02鏈09鏃,鏅,鏅,0.0,-7.0,瑗垮寳椋 3-4绾,瑗垮寳椋 3-4绾
2025骞02鏈10鏃,鏅,鏅,5.0,-2.0,瑗垮崡椋 4-5绾,瑗垮崡椋 4-5绾
2025骞02鏈11鏃,澶氫簯,闆ㄥす闆,7.0,-2.0,鍗楅 4-5绾,鍖楅 4-5绾
2025骞02鏈12鏃,澶氫簯,鏅,1.0,-3.0,鍖楅 4-5绾,瑗垮崡椋 3-4绾
2025骞02鏈13鏃,鏅,鏅,7.0,2.0,瑗垮崡椋 4-5绾,瑗块 3-4绾
2025骞02鏈14鏃,鏅,澶氫簯,9.0,3.0,瑗垮崡椋 3-4绾,瑗垮崡椋 3-4绾
2025骞02鏈15鏃,鏅,鏅,10.0,-2.0,瑗垮崡椋 3-4绾,鍖楅 4-5绾
2025骞02鏈16鏃,鏅,鏅,3.0,-3.0,鍖楅 4-5绾,鍖楅 4-5绾
2025骞02鏈17鏃,鏅,鏅,1.0,-4.0,鍖楅 4-5绾,瑗垮寳椋 3-4绾
2025骞02鏈18鏃,鏅,鏅,1.0,-4.0,瑗垮寳椋 3-4绾,瑗垮寳椋 3-4绾
2025骞02鏈19鏃,鏅,鏅,0.0,-5.0,瑗垮寳椋 4-5绾,瑗垮寳椋 3-4绾
2025骞02鏈20鏃,鏅,鏅,0.0,-5.0,瑗垮寳椋 4-5绾,瑗垮寳椋 3-4绾
,,,,,,
2025骞02鏈21鏃,鏅,鏅,-1.0,-6.0,瑗垮寳椋 3-4绾,瑗垮寳椋 3-4绾
2025骞02鏈22鏃,鏅,澶氫簯,-1.0,-6.0,瑗垮寳椋 4-5绾,瑗垮寳椋 4-5绾
2025骞02鏈23鏃,鏅,鏅,0.0,-5.0,瑗垮寳椋 4-5绾,瑗块 3-4绾
2025骞02鏈24鏃,鏅,鏅,7.0,0.0,瑗垮崡椋 4-5绾,瑗垮崡椋 4-5绾
2025骞02鏈25鏃,澶氫簯,鏅,7.0,0.0,瑗垮崡椋 4-5绾,鍖楅 3-4绾
2025骞02鏈26鏃,鏅,鏅,10.0,2.0,瑗垮崡椋 4-5绾,瑗垮崡椋 3-4绾
2025骞02鏈27鏃,澶氫簯,鏅,12.0,5.0,鍗楅 4-5绾,鍗楅 4-5绾
2025骞02鏈28鏃,鏅,澶氫簯,13.0,5.0,鍗楅 3-4绾,涓滃崡椋 3-4绾
2025骞03鏈01鏃,闃,闃,8.0,0.0,涓滃崡椋 4-5绾,鍖楅 4-5绾
2025骞03鏈02鏃,澶氫簯,澶氫簯,5.0,0.0,涓滃寳椋 5-6绾,涓滃寳椋 4-5绾
2025骞03鏈03鏃,澶氫簯,澶氫簯,4.0,0.0,涓滃寳椋 4-5绾,涓滃寳椋 3-4绾
2025骞03鏈04鏃,澶氫簯,澶氫簯,3.0,0.0,涓滈 3-4绾,鍖楅 3-4绾
2025骞03鏈05鏃,鏅,鏅,7.0,0.0,鍖楅 3-4绾,鍖楅 3-4绾
2025骞03鏈06鏃,鏅,澶氫簯,5.0,0.0,瑗垮寳椋 4-5绾,瑗垮寳椋 3-4绾
2025骞03鏈07鏃,澶氫簯,灏忛洦,7.0,3.0,鍗楅 3-4绾,鍗楅 3-4绾
2025骞03鏈08鏃,闃,鏅,9.0,2.0,鍗楅 3-4绾,鍗楅 3-4绾
2025骞03鏈09鏃,鏅,鏅,10.0,2.0,鍗楅 3-4绾,鍗楅 4-5绾
2025骞03鏈10鏃,鏅,澶氫簯,11.0,5.0,鍗楅 4-5绾,涓滃崡椋 3-4绾
2025骞03鏈11鏃,澶氫簯,澶氫簯,12.0,6.0,鍗楅 4-5绾,瑗垮寳椋 4-5绾
2025骞03鏈12鏃,鏅,鏅,15.0,5.0,瑗垮寳椋 4-5绾,瑗垮寳椋 3-4绾
2025骞03鏈13鏃,鏅,鏅,11.0,5.0,涓滈 3-4绾,涓滃寳椋 3-4绾
2025骞03鏈14鏃,鏅,鏅,11.0,4.0,涓滃寳椋 3-4绾,涓滃寳椋 3-4绾
2025骞03鏈15鏃,澶氫簯,澶氫簯,10.0,1.0,鍖楅 4-5绾,鍖楅 4-5绾
2025骞03鏈16鏃,鏅,澶氫簯,4.0,0.0,瑗垮寳椋 4-5绾,瑗垮崡椋 3-4绾
2025骞03鏈17鏃,闆ㄥす闆,闃,5.0,-1.0,鍖楅 4-5绾,鍖楅 4-5绾
2025骞03鏈18鏃,鏅,鏅,6.0,1.0,鍖楅 4-5绾,瑗垮崡椋 3-4绾
2025骞03鏈19鏃,鏅,鏅,12.0,4.0,瑗垮崡椋 3-4绾,瑗垮崡椋 3-4绾
2025骞03鏈20鏃,鏅,鏅,16.0,8.0,瑗块 4-5绾,瑗块 3-4绾
,,,,,,
2025骞03鏈21鏃,鏅,鏅,21.0,15.0,瑗块 4-5绾,瑗块 4-5绾
2025骞03鏈22鏃,鏅,鏅,24.0,13.0,瑗块 4-5绾,瑗垮崡椋 3-4绾
2025骞03鏈23鏃,澶氫簯,澶氫簯,23.0,9.0,瑗垮崡椋 4-5绾,鍖楅 4-5绾
2025骞03鏈24鏃,澶氫簯,澶氫簯,15.0,8.0,鍖楅 4-5绾,鍗楅 3-4绾
2025骞03鏈25鏃,鏅,澶氫簯,17.0,5.0,鍖楅 5-6绾,涓滃寳椋 4-5绾
2025骞03鏈26鏃,澶氫簯,澶氫簯,12.0,4.0,涓滃崡椋 4-5绾,瑗垮寳椋 4-5绾
2025骞03鏈27鏃,澶氫簯,鏅,8.0,2.0,瑗垮寳椋 4-5绾,鍖楅 4-5绾
2025骞03鏈28鏃,澶氫簯,澶氫簯,8.0,0.0,鍖楅 3-4绾,鍖楅 4-5绾
2025骞03鏈29鏃,鏅,鏅,7.0,2.0,瑗块 3-4绾,鍗楅 3-4绾
2025骞03鏈30鏃,鏅,鏅,8.0,3.0,鍗楅 3-4绾,瑗垮崡椋 3-4绾
2025骞03鏈31鏃,鏅,鏅,15.0,8.0,瑗垮崡椋 4-5绾,瑗垮崡椋 4-5绾
2025骞04鏈01鏃,澶氫簯,闃,15.0,7.0,瑗垮崡椋 4-5绾,瑗垮寳椋 3-4绾
2025骞04鏈02鏃,澶氫簯,鏅,12.0,4.0,瑗垮寳椋 4-5绾,瑗垮崡椋 3-4绾
2025骞04鏈03鏃,鏅,澶氫簯,14.0,8.0,鍗楅 4-5绾,鍗楅 4-5绾
2025骞04鏈04鏃,灏忛洦,澶氫簯,14.0,7.0,鍗楅 4-5绾,瑗垮寳椋 4-5绾
2025骞04鏈05鏃,鏅,鏅,15.0,7.0,瑗垮寳椋 4-5绾,瑗垮寳椋 3-4绾
2025骞04鏈06鏃,鏅,鏅,18.0,8.0,涓滃崡椋 3-4绾,涓滃崡椋 3-4绾
2025骞04鏈07鏃,鏅,鏅,18.0,7.0,鍖楅 3-4绾,鍖楅 3-4绾
2025骞04鏈08鏃,鏅,闃,18.0,7.0,瑗垮寳椋 4-5绾,鍗楅 3-4绾
2025骞04鏈09鏃,闃甸洦,鏅,12.0,6.0,鍗楅 3-4绾,涓滃崡椋 3-4绾
2025骞04鏈10鏃,鏅,鏅,17.0,10.0,鍗楅 3-4绾,鍗楅 3-4绾
2025骞04鏈11鏃,澶氫簯,灏忓埌涓闆,16.0,9.0,鍗楅 4-5绾,鍗楅 4-5绾
2025骞04鏈12鏃,闃,澶氫簯,13.0,5.0,瑗垮崡椋 4-5绾,瑗垮寳椋 5-6绾
2025骞04鏈13鏃,澶氫簯,灏忛洦,9.0,5.0,瑗垮寳椋 4-5绾,瑗垮寳椋 5-6绾
2025骞04鏈14鏃,澶氫簯,鏅,12.0,6.0,瑗垮寳椋 3-4绾,瑗垮寳椋 3-4绾
2025骞04鏈15鏃,鏅,鏅,17.0,9.0,瑗垮崡椋 3-4绾,涓滃崡椋 3-4绾
2025骞04鏈16鏃,澶氫簯,澶氫簯,14.0,8.0,涓滈 4-5绾,涓滈 3-4绾
2025骞04鏈17鏃,澶氫簯,澶氫簯,16.0,10.0,涓滃寳椋 4-5绾,鍖楅 4-5绾
2025骞04鏈18鏃,闃,灏忓埌涓闆,16.0,8.0,鍖楅 1-3绾,鍖楅 3-4绾
2025骞04鏈19鏃,鏅,鏅,16.0,8.0,瑗块 3-4绾,涓滃崡椋 3-4绾
2025骞04鏈20鏃,鏅,鏅,17.0,9.0,鍗楅 3-4绾,涓滃崡椋 3-4绾
,,,,,,
2025骞04鏈21鏃,澶氫簯,灏忛洦,16.0,11.0,鍗楅 4-5绾,鍖楅 4-5绾
2025骞04鏈22鏃,鏅,鏅,19.0,10.0,鍖楅 4-5绾,瑗垮寳椋 3-4绾
2025骞04鏈23鏃,鏅,鏅,20.0,11.0,瑗垮崡椋 4-5绾,鍖楅 4-5绾
2025骞04鏈24鏃,鏅,鏅,17.0,9.0,瑗块 4-5绾,瑗块 3-4绾
2025骞04鏈25鏃,鏅,鏅,19.0,11.0,瑗垮崡椋 3-4绾,鍗楅 3-4绾
2025骞04鏈26鏃,澶氫簯,闆烽樀闆,22.0,11.0,瑗垮崡椋 4-5绾,鍖楅 4-5绾
2025骞04鏈27鏃,闃甸洦,鏅,16.0,8.0,鍖楅 4-5绾,瑗垮寳椋 3-4绾
2025骞04鏈28鏃,鏅,鏅,19.0,10.0,鍖楅 4-5绾,鍗楅 3-4绾
2025骞04鏈29鏃,鏅,澶氫簯,22.0,14.0,鍗楅 4-5绾,鍗楅 3-4绾
2025骞04鏈30鏃,闃,闆烽樀闆,22.0,11.0,鍗楅 3-4绾,瑗垮寳椋 4-5绾
2025骞05鏈01鏃,鏅,澶氫簯,18.0,10.0,瑗垮寳椋 4-5绾,瑗块 3-4绾
2025骞05鏈02鏃,闃甸洦,澶氫簯,16.0,10.0,瑗垮崡椋 3-4绾,瑗垮寳椋 3-4绾
2025骞05鏈03鏃,鏅,鏅,18.0,11.0,瑗垮寳椋 4-5绾,瑗块 3-4绾
2025骞05鏈04鏃,鏅,澶氫簯,20.0,12.0,瑗块 4-5绾,鍗楅 3-4绾
2025骞05鏈05鏃,澶氫簯,闆烽樀闆,17.0,10.0,涓滃崡椋 4-5绾,鍖楅 3-4绾
2025骞05鏈06鏃,澶氫簯,鏅,17.0,10.0,鍖楅 3-4绾,瑗垮崡椋 3-4绾
2025骞05鏈07鏃,鏅,澶氫簯,17.0,11.0,鍗楅 3-4绾,鍗楅 3-4绾
2025骞05鏈08鏃,澶氫簯,澶氫簯,17.0,12.0,鍗楅 4-5绾,涓滃崡椋 3-4绾
2025骞05鏈09鏃,灏忛洦,涓闆,15.0,11.0,涓滃寳椋 3-4绾,瑗垮寳椋 4-5绾
2025骞05鏈10鏃,澶氫簯,鏅,19.0,12.0,瑗垮寳椋 4-5绾,瑗块 4-5绾
2025骞05鏈11鏃,鏅,鏅,22.0,14.0,鍗楅 4-5绾,鍗楅 4-5绾
2025骞05鏈12鏃,鏅,鏅,21.0,16.0,涓滃崡椋 4-5绾,涓滃崡椋 4-5绾
2025骞05鏈13鏃,鏅,鏅,24.0,15.0,鍗楅 4-5绾,鍗楅 3-4绾
2025骞05鏈14鏃,闃,澶氫簯,22.0,12.0,鍖楅 4-5绾,鍖楅 3-4绾
2025骞05鏈15鏃,鏅,鏅,22.0,12.0,瑗垮崡椋 3-4绾,鍗楅 3-4绾
2025骞05鏈16鏃,澶氫簯,闆烽樀闆,16.0,11.0,涓滃崡椋 4-5绾,鍗楅 4-5绾
2025骞05鏈17鏃,澶氫簯,鏅,19.0,12.0,瑗垮寳椋 4-5绾,瑗垮崡椋 3-4绾
2025骞05鏈18鏃,澶氫簯,闃甸洦,21.0,14.0,鍗楅 4-5绾,鍗楅 4-5绾
2025骞05鏈19鏃,澶氫簯,鏅,23.0,14.0,鍗楅 3-4绾,涓滈 3-4绾
2025骞05鏈20鏃,澶氫簯,澶氫簯,20.0,14.0,涓滈 4-5绾,涓滃寳椋 3-4绾
,,,,,,
2025骞05鏈21鏃,鏅,鏅,23.0,16.0,涓滃寳椋 4-5绾,涓滃寳椋 4-5绾
2025骞05鏈22鏃,澶氫簯,灏忛洦,25.0,15.0,鍖楅 4-5绾,鍖楅 4-5绾
2025骞05鏈23鏃,澶氫簯,鏅,21.0,13.0,涓滃寳椋 3-4绾,涓滃寳椋 3-4绾
2025骞05鏈24鏃,鏅,鏅,23.0,16.0,瑗垮崡椋 3-4绾,瑗垮崡椋 3-4绾
2025骞05鏈25鏃,鏅,鏅,24.0,15.0,鍖楅 3-4绾,鍗楅 1-3绾
2025骞05鏈26鏃,鏅,澶氫簯,23.0,16.0,鍗楅 3-4绾,涓滃崡椋 3-4绾
2025骞05鏈27鏃,闃甸洦,闃甸洦,20.0,14.0,涓滃崡椋 4-5绾,涓滃崡椋 4-5绾
2025骞05鏈28鏃,澶氫簯,澶氫簯,23.0,15.0,涓滃崡椋 4-5绾,涓滃崡椋 3-4绾
2025骞05鏈29鏃,鏅,鏅,23.0,16.0,涓滃崡椋 3-4绾,涓滃崡椋 3-4绾
2025骞05鏈30鏃,鏅,澶氫簯,24.0,17.0,涓滃崡椋 3-4绾,涓滃崡椋 3-4绾
2025骞05鏈31鏃,澶氫簯,闃,23.0,16.0,涓滃崡椋 3-4绾,涓滃崡椋 3-4绾
2025骞06鏈01鏃,鏅,澶氫簯,24.0,17.0,鍗楅 3-4绾,鍗楅 3-4绾
2025骞06鏈02鏃,澶氫簯,澶氫簯,24.0,18.0,鍗楅 4-5绾,瑗垮寳椋 3-4绾
2025骞06鏈03鏃,鏅,鏅,26.0,18.0,瑗块 4-5绾,瑗垮寳椋 4-5绾
2025骞06鏈04鏃,鏅,鏅,27.0,18.0,瑗垮寳椋 4-5绾,瑗垮崡椋 4-5绾
2025骞06鏈05鏃,鏅,澶氫簯,28.0,20.0,瑗垮崡椋 4-5绾,涓滃寳椋 4-5绾
2025骞06鏈06鏃,澶氫簯,澶氫簯,28.0,18.0,涓滈 3-4绾,涓滃寳椋 4-5绾
2025骞06鏈07鏃,鏅,鏅,26.0,16.0,涓滃寳椋 4-5绾,鍗楅 3-4绾
2025骞06鏈08鏃,鏅,澶氫簯,26.0,16.0,鍗楅 3-4绾,鍗楅 3-4绾
2025骞06鏈09鏃,涓闆,闃,22.0,16.0,鍗楅 4-5绾,鍖楅 3-4绾
2025骞06鏈10鏃,鏅,鏅,26.0,18.0,瑗垮寳椋 4-5绾,瑗垮崡椋 3-4绾
2025骞06鏈11鏃,鏅,鏅,29.0,20.0,瑗垮崡椋 4-5绾,瑗垮崡椋 3-4绾
2025骞06鏈12鏃,鏅,鏅,28.0,18.0,鍗楅 4-5绾,鍗楅 4-5绾
2025骞06鏈13鏃,澶氫簯,澶氫簯,25.0,19.0,涓滃崡椋 4-5绾,涓滈 3-4绾
2025骞06鏈14鏃,闃甸洦,涓闆,24.0,18.0,涓滈 3-4绾,涓滃崡椋 4-5绾
2025骞06鏈15鏃,灏忓埌涓闆,澶氫簯,25.0,19.0,鍗楅 4-5绾,鍗楅 3-4绾
2025骞06鏈16鏃,闃甸洦,鏅,25.0,17.0,鍗楅 4-5绾,瑗块 3-4绾
2025骞06鏈17鏃,鏅,澶氫簯,28.0,20.0,瑗垮崡椋 3-4绾,涓滃崡椋 3-4绾
2025骞06鏈18鏃,澶氫簯,闆烽樀闆,28.0,22.0,涓滃崡椋 4-5绾,鍗楅 4-5绾
2025骞06鏈19鏃,澶氫簯,涓闆,25.0,20.0,涓滃崡椋 4-5绾,涓滈 3-4绾
2025骞06鏈20鏃,澶氫簯,鏅,27.0,20.0,鍖楅 4-5绾,瑗垮寳椋 3-4绾
,,,,,,
2025骞06鏈21鏃,鏅,鏅,28.0,21.0,瑗块 3-4绾,瑗块 3-4绾
2025骞06鏈22鏃,鏅,鏅,31.0,21.0,瑗块 3-4绾,鍗楅 1-3绾
2025骞06鏈23鏃,鏅,鏅,30.0,21.0,鍗楅 3-4绾,涓滃崡椋 3-4绾
2025骞06鏈24鏃,鏅,鏅,28.0,22.0,涓滃崡椋 3-4绾,鍖楅 1-3绾
2025骞06鏈25鏃,鏅,澶氫簯,29.0,22.0,鍗楅 3-4绾,鍗楅 3-4绾
2025骞06鏈26鏃,澶氫簯,闃甸洦,29.0,22.0,鍗楅 3-4绾,鍗楅 3-4绾
2025骞06鏈27鏃,闃甸洦,闃甸洦,25.0,20.0,涓滃崡椋 3-4绾,涓滈 3-4绾
2025骞06鏈28鏃,闃,闃,25.0,22.0,瑗垮崡椋 3-4绾,鍗楅 3-4绾
2025骞06鏈29鏃,灏忛洦,涓闆,26.0,22.0,涓滃崡椋 3-4绾,鍗楅 4-5绾
2025骞06鏈30鏃,灏忓埌涓闆,澶氫簯,25.0,22.0,鍗楅 4-5绾,鍗楅 4-5绾
